{
    "info": {
        "image_name": "f628438.png",
        "image_size": [
            1920,
            1080
        ]
    },
    "perception": [
        {
            "tracker_id": -1,
            "lanetype": "dash",
            "fitlane": {
                "c0": 6.942646531192767,
                "c1": 0.13835598976349195,
                "c2": -0.13244801179860427,
                "c3": 0.0799509778155021
            }
        },
        {
            "tracker_id": -2,
            "lanetype": "double",
            "fitlane": {
                "c0": 6.981750257464782,
                "c1": 0.0288698334362181,
                "c2": 0.006464166805170281,
                "c3": -0.005735658397799224
            }
        },
        {
            "tracker_id": 1,
            "lanetype": "dash",
            "fitlane": {
                "c0": 600.4118647687997,
                "c1": -2448.0395321201772,
                "c2": 3364.994351095476,
                "c3": -1541.2040390595264
            }
        },
        {
            "tracker_id": 2,
            "lanetype": "solid",
            "fitlane": {
                "c0": 7.008780818565433,
                "c1": 0.10497467465027897,
                "c2": -0.20602987649600948,
                "c3": 0.07670508032581082
            }
        }
    ]
}