{
    "info": {
        "image_name": "f628442.jpg",
        "image_size": [
            1920,
            1080
        ]
    },
    "perception": [
        {
            "tracker_id": -1,
            "lanetype": "dash",
            "fitlane": {
                "c0": -1.8152203452505573,
                "c1": 0.05882994060958883,
                "c2": -9.318470093856526e-06,
                "c3": 0
            }
        },
        {
            "tracker_id": -2,
            "lanetype": "double",
            "fitlane": {
                "c0": -4.511412625251079,
                "c1": 0.057753866713400305,
                "c2": -7.413708064604022e-06,
                "c3": 0
            }
        },
        {
            "tracker_id": 1,
            "lanetype": "dash",
            "fitlane": {
                "c0": 0.951726114876435,
                "c1": 0.058960525607006604,
                "c2": 7.913925833162139e-07,
                "c3": 0
            }
        },
        {
            "tracker_id": 2,
            "lanetype": "solid",
            "fitlane": {
                "c0": 4.071939136561223,
                "c1": 0.0591579447145616,
                "c2": 3.710154912662211e-06,
                "c3": 0
            }
        }
    ]
}