{
    "info": {
        "image_name": "f628445.jpg",
        "image_size": [
            1920,
            1080
        ]
    },
    "perception": [
        {
            "tracker_id": -1,
            "lanetype": "dash",
            "fitlane": {
                "c0": -1.4663426505266624,
                "c1": 0.024668132765388706,
                "c2": -1.168748867241161e-05,
                "c3": 0
            }
        },
        {
            "tracker_id": -2,
            "lanetype": "double",
            "fitlane": {
                "c0": -4.08996034065063,
                "c1": 0.022238946008611454,
                "c2": 1.9136245607012733e-06,
                "c3": 0
            }
        },
        {
            "tracker_id": 1,
            "lanetype": "dash",
            "fitlane": {
                "c0": 1.3401716667395172,
                "c1": 0.022344738536258905,
                "c2": 9.466021493370997e-06,
                "c3": 0
            }
        },
        {
            "tracker_id": 2,
            "lanetype": "solid",
            "fitlane": {
                "c0": 4.501362696201749,
                "c1": 0.02163341274100467,
                "c2": 1.682859935609666e-05,
                "c3": 0
            }
        }
    ]
}