{
    "info": {
        "image_name": "f628464.jpg",
        "image_size": [
            1920,
            1080
        ]
    },
    "perception": [
        {
            "tracker_id": -1,
            "lanetype": "double",
            "fitlane": {
                "c0": -2.41753299128719,
                "c1": -0.04453062631080075,
                "c2": -8.317323499358574e-06,
                "c3": 0
            }
        },
        {
            "tracker_id": -2,
            "lanetype": "double",
            "fitlane": {
                "c0": -3.0663234874857963,
                "c1": -0.05190220417425585,
                "c2": 9.358162233053698e-05,
                "c3": 0
            }
        },
        {
            "tracker_id": 1,
            "lanetype": "dash",
            "fitlane": {
                "c0": 0.3997398246569822,
                "c1": -0.04489434651908327,
                "c2": -3.18464323753566e-06,
                "c3": 0
            }
        },
        {
            "tracker_id": 2,
            "lanetype": "dash",
            "fitlane": {
                "c0": 3.173160393391371,
                "c1": -0.04415942467039261,
                "c2": -4.072520673277233e-06,
                "c3": 0
            }
        }
    ]
}