{
    "info": {
        "image_name": "f628990.jpg",
        "image_size": [
            1920,
            1080
        ]
    },
    "perception": [
        {
            "tracker_id": -1,
            "lanetype": "solid",
            "fitlane": {
                "c0": -1.8089342755765458,
                "c1": 0.01256333065837033,
                "c2": -0.0003154019995659764,
                "c3": 0
            }
        },
        {
            "tracker_id": 1,
            "lanetype": "dash",
            "fitlane": {
                "c0": 0.7647198278318775,
                "c1": 0.013924534906666916,
                "c2": -0.00031490659466873304,
                "c3": 0
            }
        },
        {
            "tracker_id": 2,
            "lanetype": "solid",
            "fitlane": {
                "c0": 3.564863896705409,
                "c1": 0.010199545252704447,
                "c2": -0.0002771635750302672,
                "c3": 0
            }
        }
    ]
}