{
    "info": {
        "image_name": "f628447.jpg",
        "image_size": [
            1920,
            1080
        ]
    },
    "perception": [
        {
            "tracker_id": -1,
            "lanetype": "dash",
            "fitlane": {
                "c0": -1.2513023391416311,
                "c1": 0.0484917646074937,
                "c2": -1.8397222438719171e-06,
                "c3": 0
            }
        },
        {
            "tracker_id": -2,
            "lanetype": "double",
            "fitlane": {
                "c0": -3.957489545958859,
                "c1": 0.04833036749739856,
                "c2": -2.2740379505064465e-06,
                "c3": 0
            }
        },
        {
            "tracker_id": 1,
            "lanetype": "dash",
            "fitlane": {
                "c0": 1.533323538026742,
                "c1": 0.04772191488725614,
                "c2": 6.892693105932364e-06,
                "c3": 0
            }
        },
        {
            "tracker_id": 2,
            "lanetype": "solid",
            "fitlane": {
                "c0": 4.698196096376791,
                "c1": 0.04624891659411263,
                "c2": 2.541762553867281e-05,
                "c3": 0
            }
        }
    ]
}