{
    "info": {
        "image_name": "f628989.jpg",
        "image_size": [
            1920,
            1080
        ]
    },
    "perception": [
        {
            "tracker_id": -1,
            "lanetype": "solid",
            "fitlane": {
                "c0": -1.8338577768056799,
                "c1": 0.01878051430957189,
                "c2": -0.00031148553882424473,
                "c3": 0
            }
        },
        {
            "tracker_id": 1,
            "lanetype": "dash",
            "fitlane": {
                "c0": 0.763264429577415,
                "c1": 0.01879414237437364,
                "c2": -0.0002835771370862603,
                "c3": 0
            }
        },
        {
            "tracker_id": 2,
            "lanetype": "solid",
            "fitlane": {
                "c0": 3.473268107015953,
                "c1": 0.02139816404160256,
                "c2": -0.00029633919829722885,
                "c3": 0
            }
        }
    ]
}