{
    "info": {
        "image_name": "f628474.jpg",
        "image_size": [
            1920,
            1080
        ]
    },
    "perception": [
        {
            "tracker_id": -1,
            "lanetype": "dash",
            "fitlane": {
                "c0": -1.3495126007212492,
                "c1": -0.008400954200723097,
                "c2": -2.2148861140235572e-06,
                "c3": 0
            }
        },
        {
            "tracker_id": -2,
            "lanetype": "double",
            "fitlane": {
                "c0": -3.962127140973483,
                "c1": -0.007196457439458045,
                "c2": 2.0996824160284854e-06,
                "c3": 0
            }
        },
        {
            "tracker_id": 1,
            "lanetype": "dash",
            "fitlane": {
                "c0": 1.449474369542884,
                "c1": -0.009786974290169014,
                "c2": -1.9099092735670083e-06,
                "c3": 0
            }
        },
        {
            "tracker_id": 2,
            "lanetype": "solid",
            "fitlane": {
                "c0": 4.5956507172932755,
                "c1": -0.010603459184659046,
                "c2": -1.9383050463311374e-06,
                "c3": 0
            }
        }
    ]
}