{
    "info": {
        "image_name": "f628451.jpg",
        "image_size": [
            1920,
            1080
        ]
    },
    "perception": [
        {
            "tracker_id": -1,
            "lanetype": "dash",
            "fitlane": {
                "c0": -0.2919968535717132,
                "c1": 0.06725476707544113,
                "c2": -5.206557727797695e-06,
                "c3": 0
            }
        },
        {
            "tracker_id": -2,
            "lanetype": "double",
            "fitlane": {
                "c0": -3.057943118293003,
                "c1": 0.0667939068697616,
                "c2": -1.028213611700294e-05,
                "c3": 0
            }
        },
        {
            "tracker_id": 1,
            "lanetype": "dash",
            "fitlane": {
                "c0": 2.5244582706362917,
                "c1": 0.06762708647109507,
                "c2": 5.136317709249386e-06,
                "c3": 0
            }
        },
        {
            "tracker_id": 2,
            "lanetype": "solid",
            "fitlane": {
                "c0": 5.4995532511941585,
                "c1": 0.07979863222378047,
                "c2": -0.0001915508413040022,
                "c3": 0
            }
        }
    ]
}