{
    "info": {
        "image_name": "f628471.jpg",
        "image_size": [
            1920,
            1080
        ]
    },
    "perception": [
        {
            "tracker_id": -1,
            "lanetype": "dash",
            "fitlane": {
                "c0": -1.019753253884601,
                "c1": -0.028174082461976578,
                "c2": -4.5619515182981245e-06,
                "c3": 0
            }
        },
        {
            "tracker_id": -2,
            "lanetype": "double",
            "fitlane": {
                "c0": -3.695739166956084,
                "c1": -0.023388197163489582,
                "c2": 7.183827201989166e-06,
                "c3": 0
            }
        },
        {
            "tracker_id": 1,
            "lanetype": "dash",
            "fitlane": {
                "c0": 1.8176691427535214,
                "c1": -0.03407305033294907,
                "c2": -2.1845308248341643e-07,
                "c3": 0
            }
        },
        {
            "tracker_id": 2,
            "lanetype": "solid",
            "fitlane": {
                "c0": 5.0077432338342085,
                "c1": -0.03844392142918614,
                "c2": -3.360915182116384e-05,
                "c3": 0
            }
        }
    ]
}