{
    "info": {
        "image_name": "f628467.jpg",
        "image_size": [
            1920,
            1080
        ]
    },
    "perception": [
        {
            "tracker_id": -1,
            "lanetype": "dash",
            "fitlane": {
                "c0": -0.21964214323589415,
                "c1": -0.05249381769974192,
                "c2": 7.224373092578677e-06,
                "c3": 0
            }
        },
        {
            "tracker_id": -2,
            "lanetype": "double",
            "fitlane": {
                "c0": -2.991463203880992,
                "c1": -0.04800431159771271,
                "c2": 4.930119986442244e-06,
                "c3": 0
            }
        },
        {
            "tracker_id": 1,
            "lanetype": "dash",
            "fitlane": {
                "c0": 2.630320870181801,
                "c1": -0.05450796966430255,
                "c2": -3.690700042287987e-06,
                "c3": 0
            }
        },
        {
            "tracker_id": 2,
            "lanetype": "solid",
            "fitlane": {
                "c0": 5.714527616129036,
                "c1": -0.04758129854549956,
                "c2": -0.00013899015483587686,
                "c3": 0
            }
        }
    ]
}