{
    "info": {
        "image_name": "f628438.jpg",
        "image_size": [
            1920,
            1080
        ]
    },
    "perception": [
        {
            "tracker_id": -1,
            "lanetype": "dash",
            "fitlane": {
                "c0": -2.728600203085245,
                "c1": 0.0790209425945209,
                "c2": -1.1383677488698864e-05,
                "c3": 0
            }
        },
        {
            "tracker_id": -2,
            "lanetype": "double",
            "fitlane": {
                "c0": -5.382772308937284,
                "c1": 0.08118540178615641,
                "c2": -2.456664680610431e-05,
                "c3": 0
            }
        },
        {
            "tracker_id": 1,
            "lanetype": "dash",
            "fitlane": {
                "c0": 0.028553267271308035,
                "c1": 0.0772024263696001,
                "c2": 5.001562900626137e-06,
                "c3": 0
            }
        },
        {
            "tracker_id": 2,
            "lanetype": "solid",
            "fitlane": {
                "c0": 3.1577362153409636,
                "c1": 0.07806901703212482,
                "c2": -1.0636831849913928e-06,
                "c3": 0
            }
        }
    ]
}