{
    "info": {
        "image_name": "f628468.jpg",
        "image_size": [
            1920,
            1080
        ]
    },
    "perception": [
        {
            "tracker_id": -1,
            "lanetype": "dash",
            "fitlane": {
                "c0": -0.44280992318445933,
                "c1": -0.049381745072843125,
                "c2": 3.4154297434736595e-06,
                "c3": 0
            }
        },
        {
            "tracker_id": -2,
            "lanetype": "double",
            "fitlane": {
                "c0": -3.17857121914169,
                "c1": -0.044957340630566604,
                "c2": -2.510058951023416e-06,
                "c3": 0
            }
        },
        {
            "tracker_id": 1,
            "lanetype": "dash",
            "fitlane": {
                "c0": 2.4413491074707134,
                "c1": -0.052679780263333253,
                "c2": 1.5194799389205857e-05,
                "c3": 0
            }
        },
        {
            "tracker_id": 2,
            "lanetype": "solid",
            "fitlane": {
                "c0": 5.55222877422084,
                "c1": -0.04657613519373223,
                "c2": -8.133408484296396e-05,
                "c3": 0
            }
        }
    ]
}