{
    "info": {
        "image_name": "f628470.jpg",
        "image_size": [
            1920,
            1080
        ]
    },
    "perception": [
        {
            "tracker_id": -1,
            "lanetype": "dash",
            "fitlane": {
                "c0": -0.8436835377570829,
                "c1": -0.036489236993308395,
                "c2": 3.986140649934895e-06,
                "c3": 0
            }
        },
        {
            "tracker_id": -2,
            "lanetype": "double",
            "fitlane": {
                "c0": -3.566325088608221,
                "c1": -0.030581304768147268,
                "c2": -9.675573666809432e-06,
                "c3": 0
            }
        },
        {
            "tracker_id": 1,
            "lanetype": "dash",
            "fitlane": {
                "c0": 1.985327469170604,
                "c1": -0.03948480647769723,
                "c2": -5.514073010922897e-06,
                "c3": 0
            }
        },
        {
            "tracker_id": 2,
            "lanetype": "solid",
            "fitlane": {
                "c0": 5.207314682124061,
                "c1": -0.0426025140195662,
                "c2": -2.663598049079235e-05,
                "c3": 0
            }
        }
    ]
}