{
    "info": {
        "image_name": "f628454.jpg",
        "image_size": [
            1920,
            1080
        ]
    },
    "perception": [
        {
            "tracker_id": -1,
            "lanetype": "double",
            "fitlane": {
                "c0": -2.2937287262706727,
                "c1": 0.059790529906805036,
                "c2": 6.857553570548944e-07,
                "c3": 0
            }
        },
        {
            "tracker_id": -2,
            "lanetype": "double",
            "fitlane": {
                "c0": -3.2461334210897896,
                "c1": 0.0795590110553467,
                "c2": -0.000435494416108214,
                "c3": 0
            }
        },
        {
            "tracker_id": 1,
            "lanetype": "dash",
            "fitlane": {
                "c0": 0.45644976108342356,
                "c1": 0.061334668068355795,
                "c2": -1.8055912085331275e-07,
                "c3": 0
            }
        },
        {
            "tracker_id": 2,
            "lanetype": "dash",
            "fitlane": {
                "c0": 3.266926222987931,
                "c1": 0.061194718862184805,
                "c2": 1.2387657774042513e-05,
                "c3": 0
            }
        }
    ]
}