{
    "info": {
        "image_name": "f628995.jpg",
        "image_size": [
            1920,
            1080
        ]
    },
    "perception": [
        {
            "tracker_id": -1,
            "lanetype": "solid",
            "fitlane": {
                "c0": -2.270587954992987,
                "c1": -0.04878786219270812,
                "c2": -0.0003085425990542503,
                "c3": 0
            }
        },
        {
            "tracker_id": 1,
            "lanetype": "dash",
            "fitlane": {
                "c0": 0.26049064290413304,
                "c1": -0.045162159718954695,
                "c2": -0.0003747700489339758,
                "c3": 0
            }
        },
        {
            "tracker_id": 2,
            "lanetype": "solid",
            "fitlane": {
                "c0": 3.0606475490832405,
                "c1": -0.051080810006877045,
                "c2": -0.0003240519266700113,
                "c3": 0
            }
        }
    ]
}