{
    "info": {
        "image_name": "f628450.jpg",
        "image_size": [
            1920,
            1080
        ]
    },
    "perception": [
        {
            "tracker_id": -1,
            "lanetype": "dash",
            "fitlane": {
                "c0": -0.5397377063919596,
                "c1": 0.06733422610189618,
                "c2": -5.606185375436472e-06,
                "c3": 0
            }
        },
        {
            "tracker_id": -2,
            "lanetype": "double",
            "fitlane": {
                "c0": -3.3368890212805917,
                "c1": 0.06898469898153436,
                "c2": -3.460439172050606e-05,
                "c3": 0
            }
        },
        {
            "tracker_id": 1,
            "lanetype": "dash",
            "fitlane": {
                "c0": 2.2787304271326705,
                "c1": 0.06606437740787281,
                "c2": 1.992628387944668e-05,
                "c3": 0
            }
        },
        {
            "tracker_id": 2,
            "lanetype": "solid",
            "fitlane": {
                "c0": 5.205531751379359,
                "c1": 0.0786411515245994,
                "c2": -0.000152146779992527,
                "c3": 0
            }
        }
    ]
}