{
    "info": {
        "image_name": "f628463.jpg",
        "image_size": [
            1920,
            1080
        ]
    },
    "perception": [
        {
            "tracker_id": -1,
            "lanetype": "double",
            "fitlane": {
                "c0": -2.1853413012288994,
                "c1": -0.041457090635571056,
                "c2": 2.8998252011126362e-05,
                "c3": 0
            }
        },
        {
            "tracker_id": -2,
            "lanetype": "double",
            "fitlane": {
                "c0": -2.8113841816885707,
                "c1": -0.049213961345893016,
                "c2": 0.0001482662539655096,
                "c3": 0
            }
        },
        {
            "tracker_id": 1,
            "lanetype": "dash",
            "fitlane": {
                "c0": 0.6015365244099449,
                "c1": -0.03980123951622363,
                "c2": -2.3659371118226885e-06,
                "c3": 0
            }
        },
        {
            "tracker_id": 2,
            "lanetype": "dash",
            "fitlane": {
                "c0": 3.357749903677449,
                "c1": -0.039037629303352014,
                "c2": -5.28135439228616e-06,
                "c3": 0
            }
        }
    ]
}