{
    "info": {
        "image_name": "f628991.jpg",
        "image_size": [
            1920,
            1080
        ]
    },
    "perception": [
        {
            "tracker_id": -1,
            "lanetype": "solid",
            "fitlane": {
                "c0": -1.817957318702054,
                "c1": 0.0010938903290906633,
                "c2": -0.00033861535246302443,
                "c3": 0
            }
        },
        {
            "tracker_id": 1,
            "lanetype": "dash",
            "fitlane": {
                "c0": 0.7966207853210768,
                "c1": -0.00012878682735424887,
                "c2": -0.00032340767629167815,
                "c3": 0
            }
        },
        {
            "tracker_id": 2,
            "lanetype": "solid",
            "fitlane": {
                "c0": 3.4740254619326145,
                "c1": 0.0020866171406119286,
                "c2": -0.0003578891305956642,
                "c3": 0
            }
        }
    ]
}