{
    "info": {
        "image_name": "f628449.jpg",
        "image_size": [
            1920,
            1080
        ]
    },
    "perception": [
        {
            "tracker_id": -1,
            "lanetype": "dash",
            "fitlane": {
                "c0": -0.8295190546141377,
                "c1": 0.0659340781183572,
                "c2": -7.469592874050954e-06,
                "c3": 0
            }
        },
        {
            "tracker_id": -2,
            "lanetype": "double",
            "fitlane": {
                "c0": -3.5299898948811035,
                "c1": 0.06340383397765047,
                "c2": 3.9168218229451245e-06,
                "c3": 0
            }
        },
        {
            "tracker_id": 1,
            "lanetype": "dash",
            "fitlane": {
                "c0": 1.9561490692403718,
                "c1": 0.0662264833969358,
                "c2": 6.617120254462037e-06,
                "c3": 0
            }
        },
        {
            "tracker_id": 2,
            "lanetype": "solid",
            "fitlane": {
                "c0": 5.062337677220118,
                "c1": 0.0665882664221537,
                "c2": 1.4098853486610163e-05,
                "c3": 0
            }
        }
    ]
}