{
    "info": {
        "image_name": "f628994.jpg",
        "image_size": [
            1920,
            1080
        ]
    },
    "perception": [
        {
            "tracker_id": -1,
            "lanetype": "solid",
            "fitlane": {
                "c0": -2.14757026705803,
                "c1": -0.0367875465639276,
                "c2": -0.0003677724419890288,
                "c3": 0
            }
        },
        {
            "tracker_id": 1,
            "lanetype": "dash",
            "fitlane": {
                "c0": 0.48464300900726665,
                "c1": -0.04018703748818384,
                "c2": -0.0003395562930373882,
                "c3": 0
            }
        },
        {
            "tracker_id": 2,
            "lanetype": "solid",
            "fitlane": {
                "c0": 3.2507015644186112,
                "c1": -0.043509475748978864,
                "c2": -0.00033273208966062547,
                "c3": 0
            }
        }
    ]
}