{
    "info": {
        "image_name": "f628443.jpg",
        "image_size": [
            1920,
            1080
        ]
    },
    "perception": [
        {
            "tracker_id": -1,
            "lanetype": "dash",
            "fitlane": {
                "c0": -1.6569937381290831,
                "c1": 0.0424113426867605,
                "c2": -1.5040857014118653e-05,
                "c3": 0
            }
        },
        {
            "tracker_id": -2,
            "lanetype": "double",
            "fitlane": {
                "c0": -4.346925934988557,
                "c1": 0.04175502066911304,
                "c2": -1.4458679603999894e-05,
                "c3": 0
            }
        },
        {
            "tracker_id": 1,
            "lanetype": "dash",
            "fitlane": {
                "c0": 1.1062249569838192,
                "c1": 0.04220743392967623,
                "c2": -1.6492865627551201e-06,
                "c3": 0
            }
        },
        {
            "tracker_id": 2,
            "lanetype": "solid",
            "fitlane": {
                "c0": 4.25736296260138,
                "c1": 0.04177397526548875,
                "c2": 8.31493662055909e-06,
                "c3": 0
            }
        }
    ]
}