{
    "info": {
        "image_name": "f628997.jpg",
        "image_size": [
            1920,
            1080
        ]
    },
    "perception": [
        {
            "tracker_id": -1,
            "lanetype": "dash",
            "fitlane": {
                "c0": -0.19973711371252678,
                "c1": -0.055288322839793555,
                "c2": -0.00038146106199277554,
                "c3": 0
            }
        },
        {
            "tracker_id": -2,
            "lanetype": "solid",
            "fitlane": {
                "c0": -2.7010671616971105,
                "c1": -0.05929781074629958,
                "c2": -0.00033851566369436645,
                "c3": 0
            }
        },
        {
            "tracker_id": 1,
            "lanetype": "solid",
            "fitlane": {
                "c0": 2.6080125017288207,
                "c1": -0.06342631435722097,
                "c2": -0.00030578592827605204,
                "c3": 0
            }
        }
    ]
}