{
    "info": {
        "image_name": "f628992.jpg",
        "image_size": [
            1920,
            1080
        ]
    },
    "perception": [
        {
            "tracker_id": -1,
            "lanetype": "solid",
            "fitlane": {
                "c0": -1.8808368750572773,
                "c1": -0.014642245236884966,
                "c2": -0.0003460358564418446,
                "c3": 0
            }
        },
        {
            "tracker_id": 1,
            "lanetype": "dash",
            "fitlane": {
                "c0": 0.7306345632346579,
                "c1": -0.016222316750588137,
                "c2": -0.00033444807760364323,
                "c3": 0
            }
        },
        {
            "tracker_id": 2,
            "lanetype": "solid",
            "fitlane": {
                "c0": 3.454236772550178,
                "c1": -0.01733312653789738,
                "c2": -0.0003397112268470786,
                "c3": 0
            }
        }
    ]
}