{
    "info": {
        "image_name": "f628439.jpg",
        "image_size": [
            1920,
            1080
        ]
    },
    "perception": [
        {
            "tracker_id": -1,
            "lanetype": "dash",
            "fitlane": {
                "c0": -2.488902852679063,
                "c1": 0.07858962769567618,
                "c2": -9.367584301122077e-06,
                "c3": 0
            }
        },
        {
            "tracker_id": -2,
            "lanetype": "double",
            "fitlane": {
                "c0": -5.131001744869014,
                "c1": 0.07937097106471556,
                "c2": -1.632423385355857e-05,
                "c3": 0
            }
        },
        {
            "tracker_id": 1,
            "lanetype": "dash",
            "fitlane": {
                "c0": 0.27559484793549055,
                "c1": 0.07710721365216718,
                "c2": 8.716001516514598e-06,
                "c3": 0
            }
        },
        {
            "tracker_id": 2,
            "lanetype": "solid",
            "fitlane": {
                "c0": 3.4157109025690175,
                "c1": 0.0780436371572505,
                "c2": -1.0291991409101158e-06,
                "c3": 0
            }
        }
    ]
}