{
    "info": {
        "image_name": "f628998.jpg",
        "image_size": [
            1920,
            1080
        ]
    },
    "perception": [
        {
            "tracker_id": -1,
            "lanetype": "dash",
            "fitlane": {
                "c0": -0.4140757907701444,
                "c1": -0.05344594960475737,
                "c2": -0.00036706424762468964,
                "c3": 0
            }
        },
        {
            "tracker_id": -2,
            "lanetype": "solid",
            "fitlane": {
                "c0": -2.9668531671257465,
                "c1": -0.05366437298402273,
                "c2": -0.0003566527253369732,
                "c3": 0
            }
        },
        {
            "tracker_id": 1,
            "lanetype": "solid",
            "fitlane": {
                "c0": 2.308254144819896,
                "c1": -0.057447005802941695,
                "c2": -0.00034349641776423265,
                "c3": 0
            }
        }
    ]
}