{
    "info": {
        "image_name": "f628440.jpg",
        "image_size": [
            1920,
            1080
        ]
    },
    "perception": [
        {
            "tracker_id": -1,
            "lanetype": "dash",
            "fitlane": {
                "c0": -2.2713178081045196,
                "c1": 0.07908538858530988,
                "c2": -1.2590977129605727e-05,
                "c3": 0
            }
        },
        {
            "tracker_id": -2,
            "lanetype": "double",
            "fitlane": {
                "c0": -4.945153159930376,
                "c1": 0.08216369589784542,
                "c2": -3.517024599554453e-05,
                "c3": 0
            }
        },
        {
            "tracker_id": 1,
            "lanetype": "dash",
            "fitlane": {
                "c0": 0.48482579272345117,
                "c1": 0.07716671911316371,
                "c2": -2.821077788747158e-06,
                "c3": 0
            }
        },
        {
            "tracker_id": 2,
            "lanetype": "solid",
            "fitlane": {
                "c0": 3.641657441941345,
                "c1": 0.07541893956883959,
                "c2": 1.6162955666313492e-06,
                "c3": 0
            }
        }
    ]
}