{
    "info": {
        "image_name": "f628993.jpg",
        "image_size": [
            1920,
            1080
        ]
    },
    "perception": [
        {
            "tracker_id": -1,
            "lanetype": "solid",
            "fitlane": {
                "c0": -1.9828931767320095,
                "c1": -0.02640248303412863,
                "c2": -0.00037453777817719026,
                "c3": 0
            }
        },
        {
            "tracker_id": 1,
            "lanetype": "dash",
            "fitlane": {
                "c0": 0.6419672209870516,
                "c1": -0.03016042130438393,
                "c2": -0.0003455375673873846,
                "c3": 0
            }
        },
        {
            "tracker_id": 2,
            "lanetype": "solid",
            "fitlane": {
                "c0": 3.4045693644033976,
                "c1": -0.03461262114887087,
                "c2": -0.00032661175055293126,
                "c3": 0
            }
        }
    ]
}