{
    "info": {
        "image_name": "f628473.jpg",
        "image_size": [
            1920,
            1080
        ]
    },
    "perception": [
        {
            "tracker_id": -1,
            "lanetype": "dash",
            "fitlane": {
                "c0": -1.2655225073307064,
                "c1": -0.015100082736687774,
                "c2": -4.312978582101558e-06,
                "c3": 0
            }
        },
        {
            "tracker_id": -2,
            "lanetype": "double",
            "fitlane": {
                "c0": -3.9320412182663684,
                "c1": -0.010755754984951018,
                "c2": -2.8268159383469402e-05,
                "c3": 0
            }
        },
        {
            "tracker_id": 1,
            "lanetype": "dash",
            "fitlane": {
                "c0": 1.5720165333056977,
                "c1": -0.0186105887598487,
                "c2": 7.621073108844354e-06,
                "c3": 0
            }
        },
        {
            "tracker_id": 2,
            "lanetype": "solid",
            "fitlane": {
                "c0": 4.6845861532515505,
                "c1": -0.017810119388504287,
                "c2": -2.3341131330336535e-05,
                "c3": 0
            }
        }
    ]
}