{
    "info": {
        "image_name": "f628465.jpg",
        "image_size": [
            1920,
            1080
        ]
    },
    "perception": [
        {
            "tracker_id": -1,
            "lanetype": "double",
            "fitlane": {
                "c0": -2.592575392087813,
                "c1": -0.04909737944370099,
                "c2": 8.42749851944797e-06,
                "c3": 0
            }
        },
        {
            "tracker_id": -2,
            "lanetype": "double",
            "fitlane": {
                "c0": -3.2313799470787856,
                "c1": -0.0566154202659791,
                "c2": 0.00012046068244413844,
                "c3": 0
            }
        },
        {
            "tracker_id": 1,
            "lanetype": "dash",
            "fitlane": {
                "c0": 0.22068821942744316,
                "c1": -0.049594912331638936,
                "c2": 1.0151465330878935e-05,
                "c3": 0
            }
        },
        {
            "tracker_id": 2,
            "lanetype": "dash",
            "fitlane": {
                "c0": 2.9905953892842527,
                "c1": -0.04683835841500275,
                "c2": -1.2757980684018402e-06,
                "c3": 0
            }
        }
    ]
}