{
    "info": {
        "image_name": "f628446.jpg",
        "image_size": [
            1920,
            1080
        ]
    },
    "perception": [
        {
            "tracker_id": -1,
            "lanetype": "dash",
            "fitlane": {
                "c0": -1.3709220063708907,
                "c1": 0.03396188580310621,
                "c2": -5.572817088912463e-06,
                "c3": 0
            }
        },
        {
            "tracker_id": -2,
            "lanetype": "double",
            "fitlane": {
                "c0": -4.031661082275366,
                "c1": 0.03348632251897049,
                "c2": -7.754148932066775e-06,
                "c3": 0
            }
        },
        {
            "tracker_id": 1,
            "lanetype": "dash",
            "fitlane": {
                "c0": 1.3753833754560496,
                "c1": 0.034740453922057345,
                "c2": -2.8821797601028996e-06,
                "c3": 0
            }
        },
        {
            "tracker_id": 2,
            "lanetype": "solid",
            "fitlane": {
                "c0": 4.605065613820335,
                "c1": 0.03151362286958765,
                "c2": 2.622842273246877e-05,
                "c3": 0
            }
        }
    ]
}