{
    "info": {
        "image_name": "f628441.jpg",
        "image_size": [
            1920,
            1080
        ]
    },
    "perception": [
        {
            "tracker_id": -1,
            "lanetype": "dash",
            "fitlane": {
                "c0": -2.0003926126613014,
                "c1": 0.06931452674481413,
                "c2": -5.831886818388056e-06,
                "c3": 0
            }
        },
        {
            "tracker_id": -2,
            "lanetype": "double",
            "fitlane": {
                "c0": -4.747462378171384,
                "c1": 0.06956781493456364,
                "c2": -2.4242688726796046e-05,
                "c3": 0
            }
        },
        {
            "tracker_id": 1,
            "lanetype": "dash",
            "fitlane": {
                "c0": 0.7294818489504291,
                "c1": 0.07252411133827665,
                "c2": 7.941788934943779e-08,
                "c3": 0
            }
        },
        {
            "tracker_id": 2,
            "lanetype": "solid",
            "fitlane": {
                "c0": 3.8633148879532735,
                "c1": 0.074789025828447,
                "c2": 7.751315108687979e-06,
                "c3": 0
            }
        }
    ]
}