{
    "info": {
        "image_name": "f628469.jpg",
        "image_size": [
            1920,
            1080
        ]
    },
    "perception": [
        {
            "tracker_id": -1,
            "lanetype": "dash",
            "fitlane": {
                "c0": -0.6418846091879253,
                "c1": -0.044019743516331006,
                "c2": 5.689972044892035e-06,
                "c3": 0
            }
        },
        {
            "tracker_id": -2,
            "lanetype": "double",
            "fitlane": {
                "c0": -3.3910770486460438,
                "c1": -0.03903046746529859,
                "c2": -2.5028672289140175e-05,
                "c3": 0
            }
        },
        {
            "tracker_id": 1,
            "lanetype": "dash",
            "fitlane": {
                "c0": 2.218200346170093,
                "c1": -0.046056597744733314,
                "c2": 8.146166754567736e-06,
                "c3": 0
            }
        },
        {
            "tracker_id": 2,
            "lanetype": "solid",
            "fitlane": {
                "c0": 5.372381316970642,
                "c1": -0.04209962913430663,
                "c2": -2.2333413300854642e-05,
                "c3": 0
            }
        }
    ]
}