{
    "info": {
        "image_name": "f628444.jpg",
        "image_size": [
            1920,
            1080
        ]
    },
    "perception": [
        {
            "tracker_id": -1,
            "lanetype": "dash",
            "fitlane": {
                "c0": -1.5428606368528324,
                "c1": 0.031449233722600944,
                "c2": -1.1289651999391304e-05,
                "c3": 0
            }
        },
        {
            "tracker_id": -2,
            "lanetype": "double",
            "fitlane": {
                "c0": -4.227022713562182,
                "c1": 0.03292785429733827,
                "c2": -1.2908687034909951e-05,
                "c3": 0
            }
        },
        {
            "tracker_id": 1,
            "lanetype": "dash",
            "fitlane": {
                "c0": 1.2167553795051216,
                "c1": 0.02980039018218125,
                "c2": -1.6240193585228264e-06,
                "c3": 0
            }
        },
        {
            "tracker_id": 2,
            "lanetype": "solid",
            "fitlane": {
                "c0": 4.38343678261917,
                "c1": 0.02665604993167849,
                "c2": 1.4346656353726214e-05,
                "c3": 0
            }
        }
    ]
}