{
    "info": {
        "image_name": "f628987.jpg",
        "image_size": [
            1920,
            1080
        ]
    },
    "perception": [
        {
            "tracker_id": -1,
            "lanetype": "solid",
            "fitlane": {
                "c0": -2.0375666759976236,
                "c1": 0.027321654159593645,
                "c2": -0.00042564155387424414,
                "c3": 0
            }
        },
        {
            "tracker_id": 1,
            "lanetype": "dash",
            "fitlane": {
                "c0": 0.7090966097803474,
                "c1": 0.015747763826639928,
                "c2": -0.00032897577734501926,
                "c3": 0
            }
        },
        {
            "tracker_id": 2,
            "lanetype": "solid",
            "fitlane": {
                "c0": 3.412027922088456,
                "c1": 0.01596690431666632,
                "c2": -0.0003840344237522662,
                "c3": 0
            }
        }
    ]
}