{
    "info": {
        "image_name": "f628453.jpg",
        "image_size": [
            1920,
            1080
        ]
    },
    "perception": [
        {
            "tracker_id": -1,
            "lanetype": "double",
            "fitlane": {
                "c0": -2.5030170444106927,
                "c1": 0.06391918478673696,
                "c2": -9.103221345872353e-06,
                "c3": 0
            }
        },
        {
            "tracker_id": -2,
            "lanetype": "double",
            "fitlane": {
                "c0": -3.353347816250574,
                "c1": 0.073826122246295,
                "c2": -0.00021026179012791812,
                "c3": 0
            }
        },
        {
            "tracker_id": 1,
            "lanetype": "dash",
            "fitlane": {
                "c0": 0.27382171413666645,
                "c1": 0.06407870115850109,
                "c2": 2.617002960792327e-06,
                "c3": 0
            }
        },
        {
            "tracker_id": 2,
            "lanetype": "dash",
            "fitlane": {
                "c0": 3.0888096807354612,
                "c1": 0.06433809830918014,
                "c2": 1.4291236931857486e-05,
                "c3": 0
            }
        }
    ]
}