{
    "info": {
        "image_name": "f628448.jpg",
        "image_size": [
            1920,
            1080
        ]
    },
    "perception": [
        {
            "tracker_id": -1,
            "lanetype": "dash",
            "fitlane": {
                "c0": -1.1021664679723868,
                "c1": 0.060969023091864014,
                "c2": -1.5140717764440825e-05,
                "c3": 0
            }
        },
        {
            "tracker_id": -2,
            "lanetype": "double",
            "fitlane": {
                "c0": -3.812031354468777,
                "c1": 0.06080013305936332,
                "c2": -1.0910528330926245e-05,
                "c3": 0
            }
        },
        {
            "tracker_id": 1,
            "lanetype": "dash",
            "fitlane": {
                "c0": 1.7292930197439935,
                "c1": 0.057911462296038135,
                "c2": 9.447807877545389e-06,
                "c3": 0
            }
        },
        {
            "tracker_id": 2,
            "lanetype": "solid",
            "fitlane": {
                "c0": 4.865382900647733,
                "c1": 0.0561236274454346,
                "c2": 1.6408842917431942e-05,
                "c3": 0
            }
        }
    ]
}