{
    "info": {
        "image_name": "f628475.jpg",
        "image_size": [
            1920,
            1080
        ]
    },
    "perception": [
        {
            "tracker_id": -1,
            "lanetype": "dash",
            "fitlane": {
                "c0": -1.4056482475771928,
                "c1": -0.004141006050140282,
                "c2": -5.6341606239662725e-06,
                "c3": 0
            }
        },
        {
            "tracker_id": -2,
            "lanetype": "double",
            "fitlane": {
                "c0": -3.981333653569702,
                "c1": -0.005661389426272117,
                "c2": 1.2698615845684484e-05,
                "c3": 0
            }
        },
        {
            "tracker_id": 1,
            "lanetype": "dash",
            "fitlane": {
                "c0": 1.3850619790189171,
                "c1": -0.0052369708735282156,
                "c2": 2.6879396078621355e-06,
                "c3": 0
            }
        },
        {
            "tracker_id": 2,
            "lanetype": "solid",
            "fitlane": {
                "c0": 4.4951348370073205,
                "c1": -0.0037717797367899236,
                "c2": -1.1715421521881006e-05,
                "c3": 0
            }
        }
    ]
}