{
    "info": {
        "image_name": "f628472.jpg",
        "image_size": [
            1920,
            1080
        ]
    },
    "perception": [
        {
            "tracker_id": -1,
            "lanetype": "dash",
            "fitlane": {
                "c0": -1.1218126980368242,
                "c1": -0.02395135227943595,
                "c2": 2.702105578753304e-06,
                "c3": 0
            }
        },
        {
            "tracker_id": -2,
            "lanetype": "double",
            "fitlane": {
                "c0": -3.8659453325973123,
                "c1": -0.01667236777628104,
                "c2": -2.7443109424348307e-05,
                "c3": 0
            }
        },
        {
            "tracker_id": 1,
            "lanetype": "dash",
            "fitlane": {
                "c0": 1.6774527681900722,
                "c1": -0.026217029114125715,
                "c2": 2.208550225910819e-06,
                "c3": 0
            }
        },
        {
            "tracker_id": 2,
            "lanetype": "solid",
            "fitlane": {
                "c0": 4.787945101813716,
                "c1": -0.025448754670867386,
                "c2": -3.70867177956512e-05,
                "c3": 0
            }
        }
    ]
}