{
    "info": {
        "image_name": "f628999.jpg",
        "image_size": [
            1920,
            1080
        ]
    },
    "perception": [
        {
            "tracker_id": -1,
            "lanetype": "dash",
            "fitlane": {
                "c0": -0.6684902750101104,
                "c1": -0.04437098121277827,
                "c2": -0.0003647029131452082,
                "c3": 0
            }
        },
        {
            "tracker_id": -2,
            "lanetype": "solid",
            "fitlane": {
                "c0": -3.189646984615818,
                "c1": -0.04959589324144491,
                "c2": -0.0003119563575361186,
                "c3": 0
            }
        },
        {
            "tracker_id": 1,
            "lanetype": "solid",
            "fitlane": {
                "c0": 2.0870817136312487,
                "c1": -0.04901829197855997,
                "c2": -0.0003077336390341015,
                "c3": 0
            }
        }
    ]
}