{
    "info": {
        "image_name": "f628996.jpg",
        "image_size": [
            1920,
            1080
        ]
    },
    "perception": [
        {
            "tracker_id": -1,
            "lanetype": "solid",
            "fitlane": {
                "c0": -2.5148676809289725,
                "c1": -0.050506187881300034,
                "c2": -0.0003790427221400061,
                "c3": 0
            }
        },
        {
            "tracker_id": 1,
            "lanetype": "dash",
            "fitlane": {
                "c0": 0.07599673411322991,
                "c1": -0.0527773923275272,
                "c2": -0.00036219872020877314,
                "c3": 0
            }
        },
        {
            "tracker_id": 2,
            "lanetype": "solid",
            "fitlane": {
                "c0": 2.817016291690953,
                "c1": -0.05656305340019935,
                "c2": -0.00034970638896861874,
                "c3": 0
            }
        }
    ]
}