{
    "info": {
        "image_name": "f629001.jpg",
        "image_size": [
            1920,
            1080
        ]
    },
    "perception": [
        {
            "tracker_id": -1,
            "lanetype": "dash",
            "fitlane": {
                "c0": -0.9452168593675866,
                "c1": -0.02783488569793911,
                "c2": -0.0003359115038015847,
                "c3": 0
            }
        },
        {
            "tracker_id": -2,
            "lanetype": "solid",
            "fitlane": {
                "c0": -3.5500437564649245,
                "c1": -0.025481281788026305,
                "c2": -0.0003528580946650496,
                "c3": 0
            }
        },
        {
            "tracker_id": 1,
            "lanetype": "solid",
            "fitlane": {
                "c0": 1.7293559762545772,
                "c1": -0.030505384567339665,
                "c2": -0.0003196992642728632,
                "c3": 0
            }
        }
    ]
}