{
    "info": {
        "image_name": "f629000.jpg",
        "image_size": [
            1920,
            1080
        ]
    },
    "perception": [
        {
            "tracker_id": -1,
            "lanetype": "dash",
            "fitlane": {
                "c0": -0.7392176568938003,
                "c1": -0.038782606534682594,
                "c2": -0.00031505095866134425,
                "c3": 0
            }
        },
        {
            "tracker_id": -2,
            "lanetype": "solid",
            "fitlane": {
                "c0": -3.446402814248331,
                "c1": -0.030815831137668125,
                "c2": -0.000375733279207462,
                "c3": 0
            }
        },
        {
            "tracker_id": 1,
            "lanetype": "solid",
            "fitlane": {
                "c0": 1.8863465844316187,
                "c1": -0.038671134815907775,
                "c2": -0.00033384600786705635,
                "c3": 0
            }
        }
    ]
}