{
    "info": {
        "image_name": "f629004.jpg",
        "image_size": [
            1920,
            1080
        ]
    },
    "perception": [
        {
            "tracker_id": -1,
            "lanetype": "dash",
            "fitlane": {
                "c0": -1.1136540622097706,
                "c1": -0.033285050921856234,
                "c2": -0.00023728453354523237,
                "c3": 0
            }
        },
        {
            "tracker_id": -2,
            "lanetype": "solid",
            "fitlane": {
                "c0": -3.661063998464345,
                "c1": -0.036522984059301246,
                "c2": -0.00023245478491640365,
                "c3": 0
            }
        },
        {
            "tracker_id": 1,
            "lanetype": "solid",
            "fitlane": {
                "c0": 1.3750708211237677,
                "c1": -0.025783338896335436,
                "c2": -0.0002757347944382833,
                "c3": 0
            }
        }
    ]
}