{
    "info": {
        "image_name": "f628447.png",
        "image_size": [
            1920,
            1080
        ]
    },
    "perception": [
        {
            "tracker_id": -1,
            "lanetype": "dash",
            "fitlane": {
                "c0": 7.120563503485853,
                "c1": -0.890901436337657,
                "c2": 1.6723170938620942,
                "c3": -0.9144625435183072
            }
        },
        {
            "tracker_id": -2,
            "lanetype": "double",
            "fitlane": {
                "c0": 6.981198079756752,
                "c1": -0.007870791065294707,
                "c2": 0.12984523201309606,
                "c3": -0.10958206522102558
            }
        },
        {
            "tracker_id": 1,
            "lanetype": "dash",
            "fitlane": {
                "c0": 11.768028454104362,
                "c1": -17.763774518704242,
                "c2": 22.25342929570882,
                "c3": -9.397438099195918
            }
        },
        {
            "tracker_id": 2,
            "lanetype": "solid",
            "fitlane": {
                "c0": 7.101783468346413,
                "c1": -0.22573510685596726,
                "c2": 0.16775414884885842,
                "c3": -0.05502148898743476
            }
        }
    ]
}