{
    "info": {
        "image_name": "f628446.png",
        "image_size": [
            1920,
            1080
        ]
    },
    "perception": [
        {
            "tracker_id": -1,
            "lanetype": "dash",
            "fitlane": {
                "c0": 6.826804853552093,
                "c1": 0.6468243915662689,
                "c2": -0.9479118729237815,
                "c3": 0.5570411341899083
            }
        },
        {
            "tracker_id": -2,
            "lanetype": "double",
            "fitlane": {
                "c0": 6.979516090433959,
                "c1": 0.020297952644309402,
                "c2": 0.04988511635160199,
                "c3": -0.04036664325797074
            }
        },
        {
            "tracker_id": 1,
            "lanetype": "dash",
            "fitlane": {
                "c0": 11.415080469070523,
                "c1": -17.14271698406882,
                "c2": 22.444185451061784,
                "c3": -9.93284153017113
            }
        },
        {
            "tracker_id": 2,
            "lanetype": "solid",
            "fitlane": {
                "c0": 7.067265031362333,
                "c1": -0.12346564625348354,
                "c2": 0.06514598245872405,
                "c3": -0.02147380159912598
            }
        }
    ]
}