{
    "info": {
        "image_name": "f628440.png",
        "image_size": [
            1920,
            1080
        ]
    },
    "perception": [
        {
            "tracker_id": -1,
            "lanetype": "dash",
            "fitlane": {
                "c0": 6.93889173996422,
                "c1": 0.38672869938402377,
                "c2": -0.9569577093254883,
                "c3": 0.7707870963518316
            }
        },
        {
            "tracker_id": -2,
            "lanetype": "double",
            "fitlane": {
                "c0": 6.977184597013431,
                "c1": 0.09705304299026739,
                "c2": -0.245430886469215,
                "c3": 0.25347941493126835
            }
        },
        {
            "tracker_id": 1,
            "lanetype": "dash",
            "fitlane": {
                "c0": 32.7718933551238,
                "c1": -89.57516423788115,
                "c2": 102.75844286895783,
                "c3": -38.86288794921386
            }
        },
        {
            "tracker_id": 2,
            "lanetype": "solid",
            "fitlane": {
                "c0": 6.745154815178554,
                "c1": 0.9288897922841526,
                "c2": -1.0661424289578054,
                "c3": 0.37888910377981644
            }
        }
    ]
}