{
    "info": {
        "image_name": "f628990.png",
        "image_size": [
            1920,
            1080
        ]
    },
    "perception": [
        {
            "tracker_id": -1,
            "lanetype": "solid",
            "fitlane": {
                "c0": 6.950078481723278,
                "c1": 0.08109015993427139,
                "c2": 0.001559627531077751,
                "c3": 0.0026048915898954786
            }
        },
        {
            "tracker_id": -2,
            "lanetype": "null",
            "fitlane": {
                "c0": 2.033425829974332,
                "c1": -31.0,
                "c2": 1.000030517578125,
                "c3": 1.0
            }
        },
        {
            "tracker_id": 1,
            "lanetype": "dash",
            "fitlane": {
                "c0": -100.34037058865042,
                "c1": 427.2201427501997,
                "c2": -558.021815514913,
                "c3": 238.0473566806664
            }
        },
        {
            "tracker_id": 2,
            "lanetype": "solid",
            "fitlane": {
                "c0": 7.170203736293744,
                "c1": -0.46643008724523427,
                "c2": 0.44445773732446653,
                "c3": -0.16942167252076853
            }
        }
    ]
}