{
    "info": {
        "image_name": "f628987.png",
        "image_size": [
            1920,
            1080
        ]
    },
    "perception": [
        {
            "tracker_id": -1,
            "lanetype": "solid",
            "fitlane": {
                "c0": 6.930503821948292,
                "c1": 0.210693146699561,
                "c2": -0.28023640227206087,
                "c3": 0.20168975933642583
            }
        },
        {
            "tracker_id": -2,
            "lanetype": "null",
            "fitlane": {
                "c0": 2.033425829974332,
                "c1": -31.0,
                "c2": 1.000030517578125,
                "c3": 1.0
            }
        },
        {
            "tracker_id": 1,
            "lanetype": "dash",
            "fitlane": {
                "c0": -22934.762035394797,
                "c1": 101882.49545867174,
                "c2": -150813.54279154874,
                "c3": 74413.01435399067
            }
        },
        {
            "tracker_id": 2,
            "lanetype": "solid",
            "fitlane": {
                "c0": 7.1619760044718745,
                "c1": -0.4526523383945835,
                "c2": 0.44510939611184364,
                "c3": -0.17641506700419546
            }
        }
    ]
}