{
    "info": {
        "image_name": "f628469.png",
        "image_size": [
            1920,
            1080
        ]
    },
    "perception": [
        {
            "tracker_id": -1,
            "lanetype": "dash",
            "fitlane": {
                "c0": 7.049145567130315,
                "c1": -0.6163696134187904,
                "c2": 1.4877629059556103,
                "c3": -0.9864341482190545
            }
        },
        {
            "tracker_id": -2,
            "lanetype": "double",
            "fitlane": {
                "c0": 6.979490890970808,
                "c1": 0.03945716917124789,
                "c2": 0.003649969015566263,
                "c3": 0.0014010055170144767
            }
        },
        {
            "tracker_id": 1,
            "lanetype": "dash",
            "fitlane": {
                "c0": 6.186617452663806,
                "c1": 3.7245805746196066,
                "c2": -5.457067649049452,
                "c3": 2.5412468700451534
            }
        },
        {
            "tracker_id": 2,
            "lanetype": "solid",
            "fitlane": {
                "c0": 7.076191384156029,
                "c1": -0.17521132881170842,
                "c2": 0.13175212560651478,
                "c3": -0.04755494167435785
            }
        }
    ]
}