{
    "info": {
        "image_name": "f628450.png",
        "image_size": [
            1920,
            1080
        ]
    },
    "perception": [
        {
            "tracker_id": -1,
            "lanetype": "double",
            "fitlane": {
                "c0": 7.485144481223991,
                "c1": -3.083331471511099,
                "c2": 6.284962008343905,
                "c3": -4.176451562242402
            }
        },
        {
            "tracker_id": -2,
            "lanetype": "double",
            "fitlane": {
                "c0": 6.882980544950718,
                "c1": 0.5181841087169825,
                "c2": -0.8406433694513137,
                "c3": 0.5049853216756722
            }
        },
        {
            "tracker_id": 1,
            "lanetype": "dash",
            "fitlane": {
                "c0": 1.7206688549220812,
                "c1": 20.111305690204897,
                "c2": -25.34709675330464,
                "c3": 10.548772593644461
            }
        },
        {
            "tracker_id": 2,
            "lanetype": "dash",
            "fitlane": {
                "c0": 6.656746572227721,
                "c1": 1.4102462574971066,
                "c2": -1.7898274357950072,
                "c3": 0.6986714180487411
            }
        }
    ]
}