{
    "info": {
        "image_name": "f628443.png",
        "image_size": [
            1920,
            1080
        ]
    },
    "perception": [
        {
            "tracker_id": -1,
            "lanetype": "dash",
            "fitlane": {
                "c0": 6.877696046045102,
                "c1": 0.4173589794640309,
                "c2": -0.5830717760072109,
                "c3": 0.3533241852958191
            }
        },
        {
            "tracker_id": -2,
            "lanetype": "double",
            "fitlane": {
                "c0": 6.978821064898747,
                "c1": 0.0355121543135225,
                "c2": 0.002430422223149851,
                "c3": 0.000568965311377876
            }
        },
        {
            "tracker_id": 1,
            "lanetype": "dash",
            "fitlane": {
                "c0": 41.1303219071762,
                "c1": -135.60140469751818,
                "c2": 179.95961078832113,
                "c3": -79.8007121188527
            }
        },
        {
            "tracker_id": 2,
            "lanetype": "solid",
            "fitlane": {
                "c0": 7.075713072344054,
                "c1": -0.14567386349661693,
                "c2": 0.08725141311171435,
                "c3": -0.03045744972497659
            }
        }
    ]
}