{
    "info": {
        "image_name": "f628989.png",
        "image_size": [
            1920,
            1080
        ]
    },
    "perception": [
        {
            "tracker_id": -1,
            "lanetype": "solid",
            "fitlane": {
                "c0": 6.951728892564586,
                "c1": 0.07325832910897039,
                "c2": 0.0057949150704848075,
                "c3": 0.0069993024727922695
            }
        },
        {
            "tracker_id": -2,
            "lanetype": "null",
            "fitlane": {
                "c0": 2.033425829974332,
                "c1": -31.0,
                "c2": 1.000030517578125,
                "c3": 1.0
            }
        },
        {
            "tracker_id": 1,
            "lanetype": "dash",
            "fitlane": {
                "c0": 226.19904598883437,
                "c1": -964.6622675321237,
                "c2": 1416.6949198054526,
                "c3": -694.3030732155197
            }
        },
        {
            "tracker_id": 2,
            "lanetype": "solid",
            "fitlane": {
                "c0": 7.053139976243593,
                "c1": -0.06917784390674082,
                "c2": -0.0019229956584170278,
                "c3": -0.002385106774892147
            }
        }
    ]
}