{
    "info": {
        "image_name": "f628449.png",
        "image_size": [
            1920,
            1080
        ]
    },
    "perception": [
        {
            "tracker_id": -1,
            "lanetype": "double",
            "fitlane": {
                "c0": 13.733520481996806,
                "c1": -29.91389463064306,
                "c2": 43.77017883526803,
                "c3": -21.095513379753466
            }
        },
        {
            "tracker_id": -2,
            "lanetype": "dash",
            "fitlane": {
                "c0": 6.60701738034255,
                "c1": 2.3959645892436985,
                "c2": -4.950883974062374,
                "c3": 3.413797592042417
            }
        },
        {
            "tracker_id": 1,
            "lanetype": "dash",
            "fitlane": {
                "c0": 5.098966051340662,
                "c1": 6.925828090139415,
                "c2": -8.281544005496912,
                "c3": 3.234356924267552
            }
        },
        {
            "tracker_id": 2,
            "lanetype": "dash",
            "fitlane": {
                "c0": 7.817808415715365,
                "c1": -2.491922861607592,
                "c2": 2.4989212095012823,
                "c3": -0.8368249936053239
            }
        }
    ]
}