{
    "info": {
        "image_name": "f628439.png",
        "image_size": [
            1920,
            1080
        ]
    },
    "perception": [
        {
            "tracker_id": -1,
            "lanetype": "dash",
            "fitlane": {
                "c0": 6.972200549676482,
                "c1": -0.03970140197950405,
                "c2": 0.19527251699648202,
                "c3": -0.11255196105207793
            }
        },
        {
            "tracker_id": -2,
            "lanetype": "double",
            "fitlane": {
                "c0": 6.979269242453608,
                "c1": 0.04243593883191227,
                "c2": -0.02540398708384055,
                "c3": 0.02029890877110634
            }
        },
        {
            "tracker_id": 1,
            "lanetype": "dash",
            "fitlane": {
                "c0": 13963.905523455189,
                "c1": -27544.06630613938,
                "c2": -1712.2828391973333,
                "c3": 18171.84104343818
            }
        },
        {
            "tracker_id": 2,
            "lanetype": "solid",
            "fitlane": {
                "c0": 7.00888654128615,
                "c1": 0.09065700766837188,
                "c2": -0.17655253035250884,
                "c3": 0.06285209997555455
            }
        }
    ]
}