{
    "info": {
        "image_name": "f628470.png",
        "image_size": [
            1920,
            1080
        ]
    },
    "perception": [
        {
            "tracker_id": -1,
            "lanetype": "dash",
            "fitlane": {
                "c0": 6.8279462809813545,
                "c1": 0.7164229027120689,
                "c2": -1.1555173033190531,
                "c3": 0.7432481318731187
            }
        },
        {
            "tracker_id": -2,
            "lanetype": "double",
            "fitlane": {
                "c0": 6.97918987449767,
                "c1": 0.04639763032718614,
                "c2": -0.023888305271754538,
                "c3": 0.029344706217858393
            }
        },
        {
            "tracker_id": 1,
            "lanetype": "dash",
            "fitlane": {
                "c0": 3.870995484939319,
                "c1": 13.822328102070816,
                "c2": -20.09013209207323,
                "c3": 9.584985717607143
            }
        },
        {
            "tracker_id": 2,
            "lanetype": "solid",
            "fitlane": {
                "c0": 6.99781916057678,
                "c1": 0.08399777882518246,
                "c2": -0.15266934889455056,
                "c3": 0.05520116379491484
            }
        }
    ]
}