{
    "info": {
        "image_name": "f628444.png",
        "image_size": [
            1920,
            1080
        ]
    },
    "perception": [
        {
            "tracker_id": -1,
            "lanetype": "dash",
            "fitlane": {
                "c0": 7.004241492764652,
                "c1": -0.26171326186401894,
                "c2": 0.6320636045250269,
                "c3": -0.36717975118953194
            }
        },
        {
            "tracker_id": -2,
            "lanetype": "double",
            "fitlane": {
                "c0": 6.977910404239636,
                "c1": 0.04233370320515463,
                "c2": -0.012189279772097685,
                "c3": 0.011622629997531988
            }
        },
        {
            "tracker_id": 1,
            "lanetype": "dash",
            "fitlane": {
                "c0": 19.71445069823277,
                "c1": -51.00085291705886,
                "c2": 68.55694654025424,
                "c3": -30.908395602448902
            }
        },
        {
            "tracker_id": 2,
            "lanetype": "solid",
            "fitlane": {
                "c0": 6.972146365573994,
                "c1": 0.17857517724083924,
                "c2": -0.25269103223149386,
                "c3": 0.08804976704917315
            }
        }
    ]
}