{
    "info": {
        "image_name": "f628998.png",
        "image_size": [
            1920,
            1080
        ]
    },
    "perception": [
        {
            "tracker_id": -1,
            "lanetype": "solid",
            "fitlane": {
                "c0": 7.572611890456139,
                "c1": -3.7779294214736328,
                "c2": 7.8151826918173155,
                "c3": -5.175319621041805
            }
        },
        {
            "tracker_id": -2,
            "lanetype": "dash",
            "fitlane": {
                "c0": 6.987868195492466,
                "c1": -0.06097301254451891,
                "c2": 0.3733464138523882,
                "c3": -0.42306353965898597
            }
        },
        {
            "tracker_id": 1,
            "lanetype": "null",
            "fitlane": {
                "c0": 7.036765709457726,
                "c1": -0.019714296653993813,
                "c2": 0.0007069217378067702,
                "c3": -0.10231632390332311
            }
        },
        {
            "tracker_id": 2,
            "lanetype": "null",
            "fitlane": {
                "c0": 2.033425829974332,
                "c1": -31.0,
                "c2": 1.000030517578125,
                "c3": 1.0
            }
        }
    ]
}