{
    "info": {
        "image_name": "f628475.png",
        "image_size": [
            1920,
            1080
        ]
    },
    "perception": [
        {
            "tracker_id": -1,
            "lanetype": "dash",
            "fitlane": {
                "c0": 6.903799468455527,
                "c1": 0.3289350326511628,
                "c2": -0.4699218488888837,
                "c3": 0.31275959037424966
            }
        },
        {
            "tracker_id": -2,
            "lanetype": "double",
            "fitlane": {
                "c0": 6.978935312764991,
                "c1": 0.05081933000577982,
                "c2": -0.042877125234841135,
                "c3": 0.044562308669918074
            }
        },
        {
            "tracker_id": 1,
            "lanetype": "dash",
            "fitlane": {
                "c0": -5.085381982089827,
                "c1": 52.27272352189342,
                "c2": -74.90706551907907,
                "c3": 35.542288990056946
            }
        },
        {
            "tracker_id": 2,
            "lanetype": "solid",
            "fitlane": {
                "c0": 7.071527409781775,
                "c1": -0.14224165209563258,
                "c2": 0.08450908335495468,
                "c3": -0.029606925996673375
            }
        }
    ]
}