{
    "info": {
        "image_name": "f628472.png",
        "image_size": [
            1920,
            1080
        ]
    },
    "perception": [
        {
            "tracker_id": -1,
            "lanetype": "dash",
            "fitlane": {
                "c0": 6.947221242120836,
                "c1": 0.3991574822267819,
                "c2": -1.1963564592182783,
                "c3": 1.146733608998798
            }
        },
        {
            "tracker_id": -2,
            "lanetype": "double",
            "fitlane": {
                "c0": 6.980758851293096,
                "c1": 0.08654359664481413,
                "c2": -0.25486936423344464,
                "c3": 0.32527008756500014
            }
        },
        {
            "tracker_id": 1,
            "lanetype": "dash",
            "fitlane": {
                "c0": 9.013895336458425,
                "c1": -7.053139347325317,
                "c2": 8.090473077714678,
                "c3": -3.0666538605001255
            }
        },
        {
            "tracker_id": 2,
            "lanetype": "solid",
            "fitlane": {
                "c0": 7.4587176334651915,
                "c1": -1.3301554126451356,
                "c2": 1.2629490086641944,
                "c3": -0.4042780035932252
            }
        }
    ]
}