{
    "info": {
        "image_name": "f628465.png",
        "image_size": [
            1920,
            1080
        ]
    },
    "perception": [
        {
            "tracker_id": -1,
            "lanetype": "dash",
            "fitlane": {
                "c0": 11.543968258743035,
                "c1": -24.878543389117198,
                "c2": 44.71146585548252,
                "c3": -26.449773068451183
            }
        },
        {
            "tracker_id": -2,
            "lanetype": "double",
            "fitlane": {
                "c0": 6.968685711969796,
                "c1": 0.09163367745060129,
                "c2": -0.11326772537384167,
                "c3": 0.10659521004355824
            }
        },
        {
            "tracker_id": 1,
            "lanetype": "dash",
            "fitlane": {
                "c0": 6.92125936642924,
                "c1": 0.5132527289053777,
                "c2": -0.8451202361273101,
                "c3": 0.3794573808509856
            }
        },
        {
            "tracker_id": 2,
            "lanetype": "solid",
            "fitlane": {
                "c0": 7.093783902507766,
                "c1": -0.22958725609327485,
                "c2": 0.186894503459622,
                "c3": -0.063679148748738
            }
        }
    ]
}