{
    "info": {
        "image_name": "f628441.png",
        "image_size": [
            1920,
            1080
        ]
    },
    "perception": [
        {
            "tracker_id": -1,
            "lanetype": "dash",
            "fitlane": {
                "c0": 6.938279489851736,
                "c1": 0.09584372716677034,
                "c2": -0.009028266243154944,
                "c3": 0.0017596191828400123
            }
        },
        {
            "tracker_id": -2,
            "lanetype": "double",
            "fitlane": {
                "c0": 6.978264070349695,
                "c1": 0.04125131348199184,
                "c2": -0.018398415451507825,
                "c3": 0.017397559952033178
            }
        },
        {
            "tracker_id": 1,
            "lanetype": "dash",
            "fitlane": {
                "c0": 10.939948889066798,
                "c1": -15.105153545857966,
                "c2": 19.891597469709293,
                "c3": -9.010544132980337
            }
        },
        {
            "tracker_id": 2,
            "lanetype": "solid",
            "fitlane": {
                "c0": 7.011479583946212,
                "c1": 0.05596340176848486,
                "c2": -0.11621040954462518,
                "c3": 0.03656813268971485
            }
        }
    ]
}