{
    "info": {
        "image_name": "f628467.png",
        "image_size": [
            1920,
            1080
        ]
    },
    "perception": [
        {
            "tracker_id": -1,
            "lanetype": "dash",
            "fitlane": {
                "c0": 6.885924604788506,
                "c1": 0.9035657126496985,
                "c2": -2.5377257050802733,
                "c3": 2.276868653284283
            }
        },
        {
            "tracker_id": -2,
            "lanetype": "double",
            "fitlane": {
                "c0": 6.972668319765646,
                "c1": 0.15669724319763537,
                "c2": -0.4768457495962233,
                "c3": 0.5623412556271583
            }
        },
        {
            "tracker_id": 1,
            "lanetype": "dash",
            "fitlane": {
                "c0": 7.8718463207465845,
                "c1": -2.9638256799006215,
                "c2": 3.2870523713771145,
                "c3": -1.2093505056732945
            }
        },
        {
            "tracker_id": 2,
            "lanetype": "solid",
            "fitlane": {
                "c0": 7.352032487530662,
                "c1": -0.9891615034390515,
                "c2": 0.9055467828820248,
                "c3": -0.2807232476244106
            }
        }
    ]
}