{
    "info": {
        "image_name": "f628474.png",
        "image_size": [
            1920,
            1080
        ]
    },
    "perception": [
        {
            "tracker_id": -1,
            "lanetype": "dash",
            "fitlane": {
                "c0": 6.9474909036267745,
                "c1": 0.0785071042017137,
                "c2": 0.0037331342810794114,
                "c3": 0.018562053349192083
            }
        },
        {
            "tracker_id": -2,
            "lanetype": "double",
            "fitlane": {
                "c0": 6.979958842235173,
                "c1": 0.04064124162098125,
                "c2": -0.00991773464470614,
                "c3": 0.011336382250055345
            }
        },
        {
            "tracker_id": 1,
            "lanetype": "dash",
            "fitlane": {
                "c0": 7.385572351963028,
                "c1": -0.9007980596030475,
                "c2": 0.6127649823937822,
                "c3": -0.1867559360780338
            }
        },
        {
            "tracker_id": 2,
            "lanetype": "solid",
            "fitlane": {
                "c0": 7.114783182621185,
                "c1": -0.28393843553195464,
                "c2": 0.23691970302882573,
                "c3": -0.0836416604032252
            }
        }
    ]
}