{
    "info": {
        "image_name": "f628993.png",
        "image_size": [
            1920,
            1080
        ]
    },
    "perception": [
        {
            "tracker_id": -1,
            "lanetype": "dash",
            "fitlane": {
                "c0": 15.92297296301282,
                "c1": 36.963165036239054,
                "c2": -194.34558602755524,
                "c3": 179.86692490685246
            }
        },
        {
            "tracker_id": -2,
            "lanetype": "solid",
            "fitlane": {
                "c0": 6.9474169088849305,
                "c1": 0.1824839492588095,
                "c2": -0.2938715326200896,
                "c3": 0.25375876712731593
            }
        },
        {
            "tracker_id": 1,
            "lanetype": "solid",
            "fitlane": {
                "c0": 6.639666869852682,
                "c1": 1.4994946135680016,
                "c2": -1.9933715574714779,
                "c3": 0.8318617376641264
            }
        },
        {
            "tracker_id": 2,
            "lanetype": "null",
            "fitlane": {
                "c0": 2.033425829974332,
                "c1": -31.0,
                "c2": 1.000030517578125,
                "c3": 1.0
            }
        }
    ]
}