{
    "info": {
        "image_name": "f628468.png",
        "image_size": [
            1920,
            1080
        ]
    },
    "perception": [
        {
            "tracker_id": -1,
            "lanetype": "dash",
            "fitlane": {
                "c0": 6.8978968394955205,
                "c1": 0.21538415103536626,
                "c2": -0.08893777540148898,
                "c3": 0.03771458265337114
            }
        },
        {
            "tracker_id": -2,
            "lanetype": "double",
            "fitlane": {
                "c0": 6.9768968322554805,
                "c1": 0.053713587332932286,
                "c2": -0.024641643153156104,
                "c3": 0.02007301386789186
            }
        },
        {
            "tracker_id": 1,
            "lanetype": "dash",
            "fitlane": {
                "c0": 6.487637553825332,
                "c1": 2.348284629592163,
                "c2": -3.395130578992929,
                "c3": 1.5289921506974329
            }
        },
        {
            "tracker_id": 2,
            "lanetype": "solid",
            "fitlane": {
                "c0": 6.885786827501325,
                "c1": 0.45778165791037245,
                "c2": -0.5685214994880777,
                "c3": 0.21046280062447031
            }
        }
    ]
}