{
    "info": {
        "image_name": "f628471.png",
        "image_size": [
            1920,
            1080
        ]
    },
    "perception": [
        {
            "tracker_id": -1,
            "lanetype": "dash",
            "fitlane": {
                "c0": 6.941145440948857,
                "c1": 0.09415029960597081,
                "c2": -0.004037174182188095,
                "c3": 0.024932847452704653
            }
        },
        {
            "tracker_id": -2,
            "lanetype": "double",
            "fitlane": {
                "c0": 6.978576963767001,
                "c1": 0.05534463235399366,
                "c2": -0.057190095801223056,
                "c3": 0.06310005188783539
            }
        },
        {
            "tracker_id": 1,
            "lanetype": "dash",
            "fitlane": {
                "c0": 7.1569551967921585,
                "c1": -0.23794663374550595,
                "c2": -0.0040609881549717244,
                "c3": 0.001949293645180588
            }
        },
        {
            "tracker_id": 2,
            "lanetype": "solid",
            "fitlane": {
                "c0": 7.038733359060371,
                "c1": -0.051850641502572445,
                "c2": -0.002416124964704568,
                "c3": -0.0005922199995682053
            }
        }
    ]
}