{
    "info": {
        "image_name": "f628995.png",
        "image_size": [
            1920,
            1080
        ]
    },
    "perception": [
        {
            "tracker_id": -1,
            "lanetype": "dash",
            "fitlane": {
                "c0": -24.705487767152675,
                "c1": 166.97852167311075,
                "c2": -293.8704734429916,
                "c3": 172.78520177485004
            }
        },
        {
            "tracker_id": -2,
            "lanetype": "solid",
            "fitlane": {
                "c0": 6.9683740112031956,
                "c1": 0.07544815840059288,
                "c2": -0.061917759317438335,
                "c3": 0.07338107904165767
            }
        },
        {
            "tracker_id": 1,
            "lanetype": "solid",
            "fitlane": {
                "c0": 6.935219074645657,
                "c1": 0.4019263176717003,
                "c2": -0.6362553834097192,
                "c3": 0.2636897465176794
            }
        },
        {
            "tracker_id": 2,
            "lanetype": "null",
            "fitlane": {
                "c0": 2.033425829974332,
                "c1": -31.0,
                "c2": 1.000030517578125,
                "c3": 1.0
            }
        }
    ]
}