{
    "info": {
        "image_name": "f628448.png",
        "image_size": [
            1920,
            1080
        ]
    },
    "perception": [
        {
            "tracker_id": -1,
            "lanetype": "dash",
            "fitlane": {
                "c0": 6.794679627723894,
                "c1": 1.3170567053649467,
                "c2": -2.907079962890268,
                "c3": 2.079286540461492
            }
        },
        {
            "tracker_id": -2,
            "lanetype": "double",
            "fitlane": {
                "c0": 6.958965121953227,
                "c1": 0.21437415013589023,
                "c2": -0.5146215251634944,
                "c3": 0.4556142206329918
            }
        },
        {
            "tracker_id": 1,
            "lanetype": "dash",
            "fitlane": {
                "c0": 7.17829888659646,
                "c1": -0.5951918518386236,
                "c2": 0.6409013755220524,
                "c3": -0.2362986410147636
            }
        },
        {
            "tracker_id": 2,
            "lanetype": "dash",
            "fitlane": {
                "c0": 7.063498841766484,
                "c1": -0.1696418053757687,
                "c2": 0.1416560163202227,
                "c3": -0.04548565833149006
            }
        }
    ]
}