{
    "info": {
        "image_name": "f628994.png",
        "image_size": [
            1920,
            1080
        ]
    },
    "perception": [
        {
            "tracker_id": -1,
            "lanetype": "dash",
            "fitlane": {
                "c0": -326.8309634550813,
                "c1": 1702.3201126349102,
                "c2": -2894.758345070853,
                "c3": 1641.44122478412
            }
        },
        {
            "tracker_id": -2,
            "lanetype": "solid",
            "fitlane": {
                "c0": 6.967469290812423,
                "c1": 0.056875794171754514,
                "c2": 0.006094423132587026,
                "c3": 0.0086860925014718
            }
        },
        {
            "tracker_id": 1,
            "lanetype": "solid",
            "fitlane": {
                "c0": 6.965936462098755,
                "c1": 0.27644729148876435,
                "c2": -0.468783042452668,
                "c3": 0.19551138572910576
            }
        },
        {
            "tracker_id": 2,
            "lanetype": "null",
            "fitlane": {
                "c0": 2.033425829974332,
                "c1": -31.0,
                "c2": 1.000030517578125,
                "c3": 1.0
            }
        }
    ]
}