{
    "info": {
        "image_name": "f628453.png",
        "image_size": [
            1920,
            1080
        ]
    },
    "perception": [
        {
            "tracker_id": -1,
            "lanetype": "double",
            "fitlane": {
                "c0": 6.952587505344108,
                "c1": 0.07429221249983181,
                "c2": -0.004268622168126405,
                "c3": 0.0006208103842813198
            }
        },
        {
            "tracker_id": -2,
            "lanetype": "dash",
            "fitlane": {
                "c0": 7.859713664509411,
                "c1": -6.07975715655841,
                "c2": 13.908909422389113,
                "c3": -10.412106361849853
            }
        },
        {
            "tracker_id": 1,
            "lanetype": "dash",
            "fitlane": {
                "c0": 289.02443658174934,
                "c1": -1108.487797933595,
                "c2": 1444.492291199026,
                "c3": -623.5976132787662
            }
        },
        {
            "tracker_id": 2,
            "lanetype": "dash",
            "fitlane": {
                "c0": 7.150062280784754,
                "c1": -0.35441019715907573,
                "c2": 0.2891067716166374,
                "c3": -0.10221474388173687
            }
        }
    ]
}