{
    "info": {
        "image_name": "f628473.png",
        "image_size": [
            1920,
            1080
        ]
    },
    "perception": [
        {
            "tracker_id": -1,
            "lanetype": "dash",
            "fitlane": {
                "c0": 6.94272766372858,
                "c1": 0.09256244955683617,
                "c2": 0.0036229284289053493,
                "c3": 0.003161552331788009
            }
        },
        {
            "tracker_id": -2,
            "lanetype": "double",
            "fitlane": {
                "c0": 6.981215278198241,
                "c1": 0.03158374573921474,
                "c2": 0.01447134172044503,
                "c3": -0.009794130928689353
            }
        },
        {
            "tracker_id": 1,
            "lanetype": "dash",
            "fitlane": {
                "c0": -1.0098826687339886,
                "c1": 35.153482769352806,
                "c2": -51.007810736277065,
                "c3": 24.449117101009154
            }
        },
        {
            "tracker_id": 2,
            "lanetype": "solid",
            "fitlane": {
                "c0": 7.063925631092207,
                "c1": -0.12546360600824996,
                "c2": 0.07215865110017926,
                "c3": -0.02673467088904888
            }
        }
    ]
}