{
    "info": {
        "image_name": "f628999.png",
        "image_size": [
            1920,
            1080
        ]
    },
    "perception": [
        {
            "tracker_id": -1,
            "lanetype": "solid",
            "fitlane": {
                "c0": 7.338391160186901,
                "c1": -2.404631609084679,
                "c2": 5.182424382311449,
                "c3": -3.5221522906931817
            }
        },
        {
            "tracker_id": -2,
            "lanetype": "dash",
            "fitlane": {
                "c0": 6.986384119614846,
                "c1": -0.03846469502946089,
                "c2": 0.30099544866269107,
                "c3": -0.35699075149813886
            }
        },
        {
            "tracker_id": 1,
            "lanetype": "null",
            "fitlane": {
                "c0": 7.031815314416608,
                "c1": -0.03125092727381219,
                "c2": 0.10266699476635954,
                "c3": -0.21251809565815527
            }
        },
        {
            "tracker_id": 2,
            "lanetype": "null",
            "fitlane": {
                "c0": 2.033425829974332,
                "c1": -31.0,
                "c2": 1.000030517578125,
                "c3": 1.0
            }
        }
    ]
}