{
    "info": {
        "image_name": "f628454.png",
        "image_size": [
            1920,
            1080
        ]
    },
    "perception": [
        {
            "tracker_id": -1,
            "lanetype": "double",
            "fitlane": {
                "c0": 6.990400410854849,
                "c1": -0.14920555245191577,
                "c2": 0.4156987667173298,
                "c3": -0.2556072609156596
            }
        },
        {
            "tracker_id": -2,
            "lanetype": "dash",
            "fitlane": {
                "c0": 7.358300381516397,
                "c1": -2.7743879970029286,
                "c2": 6.677409507338288,
                "c3": -5.165726208678554
            }
        },
        {
            "tracker_id": 1,
            "lanetype": "dash",
            "fitlane": {
                "c0": 9.138003729396576,
                "c1": -3.854464832615152,
                "c2": 1.8908048122139072,
                "c3": -0.85998239913146
            }
        },
        {
            "tracker_id": 2,
            "lanetype": "dash",
            "fitlane": {
                "c0": 7.13542538043112,
                "c1": -0.3106133941850405,
                "c2": 0.24407898099174033,
                "c3": -0.08558532984797666
            }
        }
    ]
}