{
    "info": {
        "image_name": "f628992.png",
        "image_size": [
            1920,
            1080
        ]
    },
    "perception": [
        {
            "tracker_id": -1,
            "lanetype": "dash",
            "fitlane": {
                "c0": 24564.343722114983,
                "c1": -114909.25128120654,
                "c2": 179228.84947782883,
                "c3": -93183.76829662273
            }
        },
        {
            "tracker_id": -2,
            "lanetype": "solid",
            "fitlane": {
                "c0": 6.934716471222122,
                "c1": 0.23727380336406645,
                "c2": -0.38375626361996584,
                "c3": 0.3014482061732177
            }
        },
        {
            "tracker_id": 1,
            "lanetype": "solid",
            "fitlane": {
                "c0": 6.990187272914597,
                "c1": 0.15794747979939172,
                "c2": -0.2821875310907441,
                "c3": 0.10859288461427147
            }
        },
        {
            "tracker_id": 2,
            "lanetype": "null",
            "fitlane": {
                "c0": 2.033425829974332,
                "c1": -31.0,
                "c2": 1.000030517578125,
                "c3": 1.0
            }
        }
    ]
}