{
    "info": {
        "image_name": "f628445.png",
        "image_size": [
            1920,
            1080
        ]
    },
    "perception": [
        {
            "tracker_id": -1,
            "lanetype": "dash",
            "fitlane": {
                "c0": 7.078084431648557,
                "c1": -0.6574390648371872,
                "c2": 1.338358517343434,
                "c3": -0.7845309857914731
            }
        },
        {
            "tracker_id": -2,
            "lanetype": "double",
            "fitlane": {
                "c0": 6.995647213922926,
                "c1": -0.09607076847560256,
                "c2": 0.3454861778304499,
                "c3": -0.2898658109229635
            }
        },
        {
            "tracker_id": 1,
            "lanetype": "dash",
            "fitlane": {
                "c0": 6.205472420522835,
                "c1": 3.815913536227786,
                "c2": -5.6055499916631,
                "c3": 2.5428148025998745
            }
        },
        {
            "tracker_id": 2,
            "lanetype": "solid",
            "fitlane": {
                "c0": 6.792097072205817,
                "c1": 0.7612753280259679,
                "c2": -0.8820890068387702,
                "c3": 0.31492928026114264
            }
        }
    ]
}