{
    "info": {
        "image_name": "f628442.png",
        "image_size": [
            1920,
            1080
        ]
    },
    "perception": [
        {
            "tracker_id": -1,
            "lanetype": "dash",
            "fitlane": {
                "c0": 6.996979447900882,
                "c1": -0.2108301665821374,
                "c2": 0.5137447538126286,
                "c3": -0.2880773638558032
            }
        },
        {
            "tracker_id": -2,
            "lanetype": "double",
            "fitlane": {
                "c0": 6.979105981949792,
                "c1": 0.03080738696983031,
                "c2": 0.013275094795818742,
                "c3": -0.009564612542490239
            }
        },
        {
            "tracker_id": 1,
            "lanetype": "dash",
            "fitlane": {
                "c0": -16.529688630706215,
                "c1": 93.30220038991985,
                "c2": -122.85206236598515,
                "c3": 53.69589950551986
            }
        },
        {
            "tracker_id": 2,
            "lanetype": "solid",
            "fitlane": {
                "c0": 7.180221538506939,
                "c1": -0.45585737421047284,
                "c2": 0.39565958633643256,
                "c3": -0.13265924825722464
            }
        }
    ]
}