{
    "info": {
        "image_name": "f628451.png",
        "image_size": [
            1920,
            1080
        ]
    },
    "perception": [
        {
            "tracker_id": -1,
            "lanetype": "double",
            "fitlane": {
                "c0": 6.953131572464341,
                "c1": 0.12100129633824194,
                "c2": -0.13532528833631854,
                "c3": 0.09364898245829764
            }
        },
        {
            "tracker_id": -2,
            "lanetype": "dash",
            "fitlane": {
                "c0": 7.502361395723203,
                "c1": -3.9390925057973094,
                "c2": 9.84072679474918,
                "c3": -7.985573850262241
            }
        },
        {
            "tracker_id": 1,
            "lanetype": "dash",
            "fitlane": {
                "c0": 5.591127512192457,
                "c1": 6.005169669181473,
                "c2": -9.062190848178954,
                "c3": 4.780872904400859
            }
        },
        {
            "tracker_id": 2,
            "lanetype": "dash",
            "fitlane": {
                "c0": 7.0872767174411715,
                "c1": -0.12050833938027088,
                "c2": 0.013323552886229833,
                "c3": -0.0025141218308021634
            }
        }
    ]
}