{
    "info": {
        "image_name": "f628464.png",
        "image_size": [
            1920,
            1080
        ]
    },
    "perception": [
        {
            "tracker_id": -1,
            "lanetype": "dash",
            "fitlane": {
                "c0": -20.625548182972867,
                "c1": 140.67014072521746,
                "c2": -239.5729493269569,
                "c3": 136.4155868930051
            }
        },
        {
            "tracker_id": -2,
            "lanetype": "double",
            "fitlane": {
                "c0": 6.967548966225688,
                "c1": 0.07832032543217271,
                "c2": -0.05600518398391653,
                "c3": 0.04814587240308464
            }
        },
        {
            "tracker_id": 1,
            "lanetype": "dash",
            "fitlane": {
                "c0": 7.068478368641099,
                "c1": -0.10121729194849272,
                "c2": -0.0003180988781480438,
                "c3": 0.00013682045059306436
            }
        },
        {
            "tracker_id": 2,
            "lanetype": "solid",
            "fitlane": {
                "c0": 7.027605213909325,
                "c1": -0.02451344174459442,
                "c2": -0.023190704263643138,
                "c3": 0.008015538685889731
            }
        }
    ]
}