{
    "info": {
        "image_name": "f628997.png",
        "image_size": [
            1920,
            1080
        ]
    },
    "perception": [
        {
            "tracker_id": -1,
            "lanetype": "solid",
            "fitlane": {
                "c0": 7.797877301641566,
                "c1": -5.1426544537702625,
                "c2": 10.457092541998884,
                "c3": -6.823283047722979
            }
        },
        {
            "tracker_id": -2,
            "lanetype": "dash",
            "fitlane": {
                "c0": 6.990153551525521,
                "c1": -0.09340076485431358,
                "c2": 0.47331413359675356,
                "c3": -0.5106253972033897
            }
        },
        {
            "tracker_id": 1,
            "lanetype": "null",
            "fitlane": {
                "c0": 7.056994342560185,
                "c1": 0.04531146808522286,
                "c2": -0.3307748079669491,
                "c3": 0.1859804245398711
            }
        },
        {
            "tracker_id": 2,
            "lanetype": "null",
            "fitlane": {
                "c0": 2.033425829974332,
                "c1": -31.0,
                "c2": 1.000030517578125,
                "c3": 1.0
            }
        }
    ]
}