{
    "info": {
        "image_name": "f628463.png",
        "image_size": [
            1920,
            1080
        ]
    },
    "perception": [
        {
            "tracker_id": -1,
            "lanetype": "dash",
            "fitlane": {
                "c0": 5.968189450942247,
                "c1": 7.446964005093809,
                "c2": -17.61604767864962,
                "c3": 13.372587958542276
            }
        },
        {
            "tracker_id": -2,
            "lanetype": "double",
            "fitlane": {
                "c0": 6.930396139584515,
                "c1": 0.4648260244330209,
                "c2": -1.2398535441654717,
                "c3": 1.161047860113171
            }
        },
        {
            "tracker_id": 1,
            "lanetype": "dash",
            "fitlane": {
                "c0": 7.630598266064763,
                "c1": -1.9890158496082386,
                "c2": 2.045705033625628,
                "c3": -0.7013039197259037
            }
        },
        {
            "tracker_id": 2,
            "lanetype": "solid",
            "fitlane": {
                "c0": 7.3024691376249065,
                "c1": -0.8025026808011847,
                "c2": 0.6925692302264063,
                "c3": -0.20358096218884492
            }
        }
    ]
}