{
    "info": {
        "image_name": "f628996.png",
        "image_size": [
            1920,
            1080
        ]
    },
    "perception": [
        {
            "tracker_id": -1,
            "lanetype": "dash",
            "fitlane": {
                "c0": 0.9774247306718714,
                "c1": 33.04811118124768,
                "c2": -61.0073575527843,
                "c3": 37.828740158728905
            }
        },
        {
            "tracker_id": -2,
            "lanetype": "solid",
            "fitlane": {
                "c0": 6.975326821059344,
                "c1": 0.034031187823189465,
                "c2": 0.05319854760659387,
                "c3": -0.0413886550562823
            }
        },
        {
            "tracker_id": 1,
            "lanetype": "solid",
            "fitlane": {
                "c0": 6.869715866154177,
                "c1": 0.7061352541517437,
                "c2": -1.0909459744688503,
                "c3": 0.4770941892146793
            }
        },
        {
            "tracker_id": 2,
            "lanetype": "null",
            "fitlane": {
                "c0": 2.033425829974332,
                "c1": -31.0,
                "c2": 1.000030517578125,
                "c3": 1.0
            }
        }
    ]
}