{
    "info": {
        "image_name": "f628991.png",
        "image_size": [
            1920,
            1080
        ]
    },
    "perception": [
        {
            "tracker_id": -1,
            "lanetype": "dash",
            "fitlane": {
                "c0": -288.8880526387078,
                "c1": -326.0992768478698,
                "c2": 2998.091645958999,
                "c3": -2764.8766532915183
            }
        },
        {
            "tracker_id": -2,
            "lanetype": "solid",
            "fitlane": {
                "c0": 6.998119684051733,
                "c1": -0.18822939962333296,
                "c2": 0.5198697105747049,
                "c3": -0.3292855280857144
            }
        },
        {
            "tracker_id": 1,
            "lanetype": "solid",
            "fitlane": {
                "c0": -227.71171588644964,
                "c1": 1076.3487996736876,
                "c2": -1631.1808176619195,
                "c3": 817.0647158280879
            }
        },
        {
            "tracker_id": 2,
            "lanetype": "null",
            "fitlane": {
                "c0": 7.042321117692237,
                "c1": -0.006556717766555631,
                "c2": -0.10783551106908049,
                "c3": 0.04975100136300793
            }
        }
    ]
}