{
    "info": {
        "image_name": "f629000.png",
        "image_size": [
            1920,
            1080
        ]
    },
    "perception": [
        {
            "tracker_id": -1,
            "lanetype": "solid",
            "fitlane": {
                "c0": 7.202030116790914,
                "c1": -1.5947823016298595,
                "c2": 3.597866018889746,
                "c3": -2.5049364939510026
            }
        },
        {
            "tracker_id": -2,
            "lanetype": "dash",
            "fitlane": {
                "c0": 6.986356573187652,
                "c1": -0.036366245730734,
                "c2": 0.28142202287071705,
                "c3": -0.3270019164877826
            }
        },
        {
            "tracker_id": 1,
            "lanetype": "null",
            "fitlane": {
                "c0": 7.088704276449403,
                "c1": 0.16181301639386966,
                "c2": -0.7832745559880575,
                "c3": 0.4919647243198274
            }
        },
        {
            "tracker_id": 2,
            "lanetype": "null",
            "fitlane": {
                "c0": 2.033425829974332,
                "c1": -31.0,
                "c2": 1.000030517578125,
                "c3": 1.0
            }
        }
    ]
}