{
    "info": {
        "image_name": "f629004.png",
        "image_size": [
            1920,
            1080
        ]
    },
    "perception": [
        {
            "tracker_id": -1,
            "lanetype": "solid",
            "fitlane": {
                "c0": 7.867417754195477,
                "c1": -5.4510037974873935,
                "c2": 11.005154927889876,
                "c3": -7.19369415134829
            }
        },
        {
            "tracker_id": -2,
            "lanetype": "dash",
            "fitlane": {
                "c0": 6.957824123958002,
                "c1": 0.2972077884008553,
                "c2": -0.8468126291303744,
                "c3": 0.7950028715186761
            }
        },
        {
            "tracker_id": 1,
            "lanetype": "null",
            "fitlane": {
                "c0": 8.453689494376075,
                "c1": 4.64494213585651,
                "c2": -22.7517027551566,
                "c3": 18.742180065273168
            }
        },
        {
            "tracker_id": 2,
            "lanetype": "null",
            "fitlane": {
                "c0": 2.033425829974332,
                "c1": -31.0,
                "c2": 1.000030517578125,
                "c3": 1.0
            }
        }
    ]
}