{
    "info": {
        "image_name": "f629001.png",
        "image_size": [
            1920,
            1080
        ]
    },
    "perception": [
        {
            "tracker_id": -1,
            "lanetype": "solid",
            "fitlane": {
                "c0": 7.308128649712575,
                "c1": -2.149788669856806,
                "c2": 4.553641571191328,
                "c3": -3.046536515372743
            }
        },
        {
            "tracker_id": -2,
            "lanetype": "dash",
            "fitlane": {
                "c0": 6.9868594664931125,
                "c1": -0.039089627191866955,
                "c2": 0.28358737639624065,
                "c3": -0.32471122354739956
            }
        },
        {
            "tracker_id": 1,
            "lanetype": "solid",
            "fitlane": {
                "c0": 35.390816101641846,
                "c1": -122.88071622879268,
                "c2": 177.5411522935881,
                "c3": -85.6640682175855
            }
        },
        {
            "tracker_id": 2,
            "lanetype": "null",
            "fitlane": {
                "c0": 2.033425829974332,
                "c1": -31.0,
                "c2": 1.000030517578125,
                "c3": 1.0
            }
        }
    ]
}